<application>
  <component name="libraryTable">
    <library name="Spring-5.2.3.RELEASE" type="spring">
      <properties version="5.2.3.RELEASE" />
      <CLASSES>
        <root url="jar://$APPLICATION_HOME_DIR$/plugins/Spring/spring-instrument-5.2.3.RELEASE.jar!/" />
        <root url="jar://$APPLICATION_HOME_DIR$/plugins/Spring/spring-aspects-5.2.3.RELEASE.jar!/" />
        <root url="jar://$APPLICATION_HOME_DIR$/plugins/Spring/spring-context-support-5.2.3.RELEASE.jar!/" />
        <root url="jar://$APPLICATION_HOME_DIR$/plugins/Spring/spring-expression-5.2.3.RELEASE.jar!/" />
        <root url="jar://$APPLICATION_HOME_DIR$/plugins/Spring/spring-aop-5.2.3.RELEASE.jar!/" />
        <root url="jar://$APPLICATION_HOME_DIR$/plugins/Spring/spring-jms-5.2.3.RELEASE.jar!/" />
        <root url="jar://$APPLICATION_HOME_DIR$/plugins/Spring/spring-jdbc-5.2.3.RELEASE.jar!/" />
        <root url="jar://$APPLICATION_HOME_DIR$/plugins/Spring/spring-oxm-5.2.3.RELEASE.jar!/" />
        <root url="jar://$APPLICATION_HOME_DIR$/plugins/Spring/spring-orm-5.2.3.RELEASE.jar!/" />
        <root url="jar://$APPLICATION_HOME_DIR$/plugins/Spring/spring-beans-5.2.3.RELEASE.jar!/" />
        <root url="jar://$APPLICATION_HOME_DIR$/plugins/Spring/aopalliance-1.0.jar!/" />
        <root url="jar://$APPLICATION_HOME_DIR$/plugins/Spring/commons-logging-1.2.jar!/" />
        <root url="jar://$APPLICATION_HOME_DIR$/plugins/Spring/spring-messaging-5.2.3.RELEASE.jar!/" />
        <root url="jar://$APPLICATION_HOME_DIR$/plugins/Spring/spring-tx-5.2.3.RELEASE.jar!/" />
        <root url="jar://$APPLICATION_HOME_DIR$/plugins/Spring/spring-test-5.2.3.RELEASE.jar!/" />
        <root url="jar://$APPLICATION_HOME_DIR$/plugins/Spring/spring-context-5.2.3.RELEASE.jar!/" />
        <root url="jar://$APPLICATION_HOME_DIR$/plugins/Spring/spring-core-5.2.3.RELEASE.jar!/" />
      </CLASSES>
      <JAVADOC />
      <SOURCES />
    </library>
  </component>
</application>