<application>
  <component name="GitRememberedInputs">
    <option name="visitedUrls">
      <list>
        <UrlAndUserName>
          <option name="url" value="https://github.com/mariusz498/mariusz-hajdyla-kodilla-java" />
          <option name="userName" value="" />
        </UrlAndUserName>
        <UrlAndUserName>
          <option name="url" value="https://github.com/mariusz498/mariusz-hajdyla-kodilla-exceptions" />
          <option name="userName" value="" />
        </UrlAndUserName>
        <UrlAndUserName>
          <option name="url" value="https://github.com/mariusz498/mariusz-hajdyla-kodilla-patterns.git" />
          <option name="userName" value="" />
        </UrlAndUserName>
        <UrlAndUserName>
          <option name="url" value="https://github.com/mariusz498/mariusz-hajdyla-kodilla-jdbc" />
          <option name="userName" value="" />
        </UrlAndUserName>
        <UrlAndUserName>
          <option name="url" value="https://github.com/mariusz498/mariusz-hajdyla-kodilla-jdbc.git" />
          <option name="userName" value="" />
        </UrlAndUserName>
        <UrlAndUserName>
          <option name="url" value="https://github.com/mariusz498/mariusz-hajdyla-kodilla-crud" />
          <option name="userName" value="" />
        </UrlAndUserName>
        <UrlAndUserName>
          <option name="url" value="http://github.com" />
          <option name="userName" value="mario4981338@gmail.com" />
        </UrlAndUserName>
        <UrlAndUserName>
          <option name="url" value="https://github.com/haker-msl/project-jdp-1912-03" />
          <option name="userName" value="" />
        </UrlAndUserName>
        <UrlAndUserName>
          <option name="url" value="https://github.com/mariusz498/mariusz-hajdyla-kodilla-final-project-backend.git" />
          <option name="userName" value="" />
        </UrlAndUserName>
        <UrlAndUserName>
          <option name="url" value="https://github.com/mariusz498/mariusz-hajdyla-kodilla-final-project-frontend.git" />
          <option name="userName" value="" />
        </UrlAndUserName>
      </list>
    </option>
    <option name="cloneParentDir" value="D:\Coding" />
  </component>
</application>